{
  "tests": [
    {
      "name": "Check Git Log",
      "setup": "",
      "run": "test -f git_log.txt",
      "input": "",
      "output": "",
      "comparison": "included",
      "timeout": 10,
      "points": 0
    },
    {
      "name": "Test Temperature Converter",
      "setup": "pip install pytest",
      "run": "pytest test_assignment.py::test_celsius_to_fahrenheit test_assignment.py::test_fahrenheit_to_celsius -v",
      "input": "",
      "output": "",
      "comparison": "included",
      "timeout": 10,
      "points": 0
    },
    {
      "name": "Test Number Analysis",
      "setup": "pip install pytest",
      "run": "pytest test_assignment.py::test_analyze_numbers -v",
      "input": "",
      "output": "",
      "comparison": "included",
      "timeout": 10,
      "points": 0
    },
    {
      "name": "Test File Operations",
      "setup": "pip install pytest",
      "run": "pytest test_assignment.py::test_file_operations -v",
      "input": "",
      "output": "",
      "comparison": "included",
      "timeout": 10,
      "points": 0
    }
  ]
}